"Index","Section","Title","Source","Final"
"1","練習","反復の跡","source/idea_001_chroma.png","idea_001.png"
"2","練習","床の立ち位置","source/idea_002_chroma.png","idea_002.png"
"3","練習","練習ノート","source/idea_003_chroma.png","idea_003.png"
"4","練習","リズムの反復","source/idea_004_chroma.png","idea_004.png"
"5","練習","未完成の線","source/idea_005_chroma.png","idea_005.png"
"6","裏側","幕の隙間","source/idea_006_chroma.png","idea_006.png"
"7","裏側","バックステージタグ","source/idea_007_chroma.png","idea_007.png"
"8","裏側","影のフレーム","source/idea_008_chroma.png","idea_008.png"
"9","裏側","舞台裏の導線","source/idea_009_chroma.png","idea_009.png"
"10","裏側","裏面の印","source/idea_010_chroma.png","idea_010.png"
"11","日常","毎日の点","source/idea_011_chroma.png","idea_011.png"
"12","日常","オフの窓","source/idea_012_chroma.png","idea_012.png"
"13","日常","日付のしるし","source/idea_013_chroma.png","idea_013.png"
"14","日常","休憩の余白","source/idea_014_chroma.png","idea_014.png"
"15","日常","素のライン","source/idea_015_chroma.png","idea_015.png"
"16","下積み","地層","source/idea_016_chroma.png","idea_016.png"
"17","下積み","地下から伸びる線","source/idea_017_chroma.png","idea_017.png"
"18","下積み","小さな階段","source/idea_018_chroma.png","idea_018.png"
"19","下積み","根のある点","source/idea_019_chroma.png","idea_019.png"
"20","下積み","前夜の印","source/idea_020_chroma.png","idea_020.png"
"21","見えない努力","浮かび上がる余白","source/idea_021_chroma.png","idea_021.png"
"22","見えない努力","薄い下書き","source/idea_022_chroma.png","idea_022.png"
"23","見えない努力","影の反復","source/idea_023_chroma.png","idea_023.png"
"24","見えない努力","汗の粒","source/idea_024_chroma.png","idea_024.png"
"25","見えない努力","水面下","source/idea_025_chroma.png","idea_025.png"
"26","偶然性","選ばれた一点","source/idea_026_chroma.png","idea_026.png"
"27","偶然性","交差点","source/idea_027_chroma.png","idea_027.png"
"28","偶然性","ずれた拍","source/idea_028_chroma.png","idea_028.png"
"29","偶然性","着地点","source/idea_029_chroma.png","idea_029.png"
"30","偶然性","小さな火花","source/idea_030_chroma.png","idea_030.png"
"31","その瞬間","止まったコマ","source/idea_031_chroma.png","idea_031.png"
"32","その瞬間","秒の針","source/idea_032_chroma.png","idea_032.png"
"33","その瞬間","波形のピーク","source/idea_033_chroma.png","idea_033.png"
"34","その瞬間","まばたき","source/idea_034_chroma.png","idea_034.png"
"35","その瞬間","RECの一点","source/idea_035_chroma.png","idea_035.png"
"36","成長の軌跡","大きくなる点","source/idea_036_chroma.png","idea_036.png"
"37","成長の軌跡","軌道線","source/idea_037_chroma.png","idea_037.png"
"38","成長の軌跡","年輪","source/idea_038_chroma.png","idea_038.png"
"39","成長の軌跡","マイルストーン","source/idea_039_chroma.png","idea_039.png"
"40","成長の軌跡","積み重なるフレーム","source/idea_040_chroma.png","idea_040.png"
"41","未公開","閉じた余白","source/idea_041_chroma.png","idea_041.png"
"42","未公開","封印","source/idea_042_chroma.png","idea_042.png"
"43","未公開","隠れたコマ","source/idea_043_chroma.png","idea_043.png"
"44","未公開","伏せられた時間","source/idea_044_chroma.png","idea_044.png"
"45","未公開","未公開フォルダ","source/idea_045_chroma.png","idea_045.png"
"46","自分だけが持つ","One of One","source/idea_046_chroma.png","idea_046.png"
"47","自分だけが持つ","所有タグ","source/idea_047_chroma.png","idea_047.png"
"48","自分だけが持つ","指紋","source/idea_048_chroma.png","idea_048.png"
"49","自分だけが持つ","手元のしおり","source/idea_049_chroma.png","idea_049.png"
"50","自分だけが持つ","唯一の印","source/idea_050_chroma.png","idea_050.png"
"51","特別感","静かな光輪","source/idea_051_chroma.png","idea_051.png"
"52","特別感","小さなスポット","source/idea_052_chroma.png","idea_052.png"
"53","特別感","記念印","source/idea_053_chroma.png","idea_053.png"
"54","特別感","浮いた一点","source/idea_054_chroma.png","idea_054.png"
"55","特別感","内側の輝き","source/idea_055_chroma.png","idea_055.png"
"56","所有感（所有間）","包む括弧","source/idea_056_chroma.png","idea_056.png"
"57","所有感（所有間）","透かし","source/idea_057_chroma.png","idea_057.png"
"58","所有感（所有間）","ポケット","source/idea_058_chroma.png","idea_058.png"
"59","所有感（所有間）","確認済み","source/idea_059_chroma.png","idea_059.png"
"60","所有感（所有間）","手の中の記録","source/idea_060_chroma.png","idea_060.png"
"61","可能性","芽","source/idea_061_chroma.png","idea_061.png"
"62","可能性","未完の線","source/idea_062_chroma.png","idea_062.png"
"63","可能性","外へ出るフレーム","source/idea_063_chroma.png","idea_063.png"
"64","可能性","夜明け前","source/idea_064_chroma.png","idea_064.png"
"65","可能性","点線の未来","source/idea_065_chroma.png","idea_065.png"
"66","成長性","伸びる線分","source/idea_066_chroma.png","idea_066.png"
"67","成長性","広がる輪","source/idea_067_chroma.png","idea_067.png"
"68","成長性","積み上げ","source/idea_068_chroma.png","idea_068.png"
"69","成長性","枝分かれ","source/idea_069_chroma.png","idea_069.png"
"70","成長性","更新される印","source/idea_070_chroma.png","idea_070.png"
"71","ステージの幕の裏側","幕の裏面","source/idea_071_chroma.png","idea_071.png"
"72","ステージの幕の裏側","幕の隙間","source/idea_072_chroma.png","idea_072.png"
"73","ステージの幕の裏側","裏からの光","source/idea_073_chroma.png","idea_073.png"
"74","ステージの幕の裏側","開演前の布","source/idea_074_chroma.png","idea_074.png"
"75","ステージの幕の裏側","幕裏のタグ","source/idea_075_chroma.png","idea_075.png"
"76","ステージ袖の上から垂れ下がっている暗幕で待機している部分","袖幕の影","source/idea_076_chroma.png","idea_076.png"
"77","ステージ袖の上から垂れ下がっている暗幕で待機している部分","出番待ちの点","source/idea_077_chroma.png","idea_077.png"
"78","ステージ袖の上から垂れ下がっている暗幕で待機している部分","暗幕の折り目","source/idea_078_chroma.png","idea_078.png"
"79","ステージ袖の上から垂れ下がっている暗幕で待機している部分","袖の境界線","source/idea_079_chroma.png","idea_079.png"
"80","ステージ袖の上から垂れ下がっている暗幕で待機している部分","待機の呼吸","source/idea_080_chroma.png","idea_080.png"
"81","スポットライトが当たらないステージの部分","光の外側","source/idea_081_chroma.png","idea_081.png"
"82","スポットライトが当たらないステージの部分","ステージ端","source/idea_082_chroma.png","idea_082.png"
"83","スポットライトが当たらないステージの部分","影のスポット","source/idea_083_chroma.png","idea_083.png"
"84","スポットライトが当たらないステージの部分","暗転の中の印","source/idea_084_chroma.png","idea_084.png"
"85","スポットライトが当たらないステージの部分","スポットの境界","source/idea_085_chroma.png","idea_085.png"
